Noise Halo Plus Elite Edition Smartwatch with 1.46" Super AMOLED Display_ Stainless Steel Finish Metallic Straps_ 4-Stage Sleep Tracker_ Smart Watch for Men and Women (Elite Silver), 2_799,7_986,Deal of the Day
Noise Vivid Call 2 Smart Watch with 1.85” HD Display_ BT Calling_ IP68 Waterproof_ 7 Days Battery Life_ Sleep Tracking_ 150+ Watch Faces (Elite Black), 2_499,134,Deal of the Day
Noise Twist Go Round dial Smartwatch with BT Calling_ 1.39" Display_ Metal Build_ 100+ Watch Faces_ IP68_ Sleep Tracking_ 100+ Sports Modes_ 24/7 Heart Rate Monitoring (Rose Pink), 2_799,16_435,Deal of the Day
Noise Two Wireless On-Ear Headphones with 50 Hours Playtime_ Low Latency(up to 40ms)_ 4 Play Modes_ Dual Pairing_ BT v5.3 (Serene Blue), 2_799,2_089,Limited time deal
Noise Newly Launched Quad Call 1.81" Display_ Bluetooth Calling Smart Watch_ AI Voice Assistance_ 160+Hrs Battery Life_ Metallic Build_ in-Built Games_ 100 Sports Modes_ 100+ Watch Faces (Jet Black), 1_499,115_879,Deal of the Day
Noise Pulse Go Buzz Smart Watch with Advanced Bluetooth Calling_ 1.69" TFT Display_ SpO2_ 100 Sports Mode with Auto Detection_ Upto 7 Days Battery (2 Days with Heavy Calling) - Olive Green, 1_299,26_454,Deal of the Day
Noise Newly Launched ColorFit Pulse 3 with 1.96" Biggest Display Bluetooth Calling Smart Watch_ Premium Build_ Auto Sport Detection & 170+ Watch Faces Smartwatch for Men & Women (Jet Black), 1_699,26_454,Deal of the Day
Noise Diva Smartwatch with Diamond Cut dial_ Glossy Metallic Finish_ AMOLED Display_ Mesh Metal and Leather Strap Options_ 100+ Watch Faces_ Female Cycle Tracker Smart Watch for Women (Gold Link), 1_099,1_088,Deal of the Day
Noise Twist Round dial Smart Watch with Bluetooth Calling_ 1.38" TFT Display_ up-to 7 Days Battery_ 100+ Watch Faces_ IP68_ Heart Rate Monitor_ Sleep Tracking (Rose Pink), 999,16_435,Deal of the Day
Noise Twist Go Round dial Smartwatch with BT Calling_ 1.39" Display_ Metal Build_ 100+ Watch Faces_ IP68_ Sleep Tracking_ 100+ Sports Modes_ 24/7 Heart Rate Monitoring (Gold Link), 1_199,16_435,Deal of the Day
Noise Pulse Go Buzz Smart Watch with Advanced Bluetooth Calling_ 1.69" TFT Display_ SpO2_ 100 Sports Mode with Auto Detection_ Upto 7 Days Battery (2 Days with Heavy Calling) - Mist Grey, 2_999,26_454,Deal of the Day
Noise ColorFit Ultra 3 Bluetooth Calling Smart Watch with Biggest 1.96" AMOLED Display_ Premium Metallic Build_ Functional Crown_ Gesture Control with Silicon Strap (Jet Black), 1_199,11_837,Deal of the Day
Noise Newly Launched ColorFit Pro 5 Max 1.96" AMOLED Display Smart Watch_ BT Calling_ Post Training Workout Analysis_ VO2 Max_ Rapid Health_ 5X Faster Data Transfer - Jet Black, 1_899,8_547,Deal of the Day
Noise Cadet Military Rugged Built 1.78” Always on AMOLED Display_ BT Calling_ Health Suite & 120+ Sport Mode_ 300+ Watch Faces and AI Voice Assistant Smartwatch (Black), 999,33,Deal of the Day
Noise Newly Launched Vortex Plus 1.46” AMOLED Display_ AoD_ BT Calling_ Sleek Metal Finish_ 7 Days Battery Life_ All New OS with 100+ Watch Faces & Health Suite (Space Blue), 2_499,1_088,Deal of the Day
Noise Pulse Go Buzz Smart Watch with Advanced Bluetooth Calling_ 1.69" TFT Display_ SpO2_ 100 Sports Mode with Auto Detection_ Upto 7 Days Battery (2 Days with Heavy Calling) - Midnight Blue, 4_499,26_454,Deal of the Day
Noise Newly Launched ColorFit Pulse 3 with 1.96" Biggest Display Bluetooth Calling Smart Watch_ Premium Build_ Auto Sport Detection & 170+ Watch Faces Smartwatch for Men & Women (Jade Green), 1_499,26_454,Deal of the Day
Noise Newly Launched Mettalix: 1.4" HD Display with Metallic Straps and Stainless Steel Finish_ BT Calling_ Functional Crown_ 7 Day Battery_ Smart Watch for Men and Women (Elite Silver), 2_199,16_435,Deal of the Day
Noise Mettalix 1.4" Display_ Bluetooth Calling Smart Watch with Metallic Strap_ Stainless Steel Finish_ Functional Crown_ 7-Day Battery (Elite Black), 999,16_435,Deal of the Day
Noise ColorFit Pro 4 Alpha 1.78" AMOLED Display_ Bluetooth Calling Smart Watch_ Functional Crown_ Metallic Build_ Intelligent Gesture Control_ Instacharge (Rose Pink), 1_199,5_200,Deal of the Day
Noise New Macro Smart Watch with 2.0” HD Display_Metallic Finish BT Calling_ Functional Crown_ 7 Days Battery Life_ Sleep Tracking_ 200+ Watch Faces (Classic Black), 1_899,63,Deal of the Day
Noise Mettalix 1.4" Display_ Bluetooth Calling Smart Watch with Metallic Strap_ Stainless Steel Finish_ Functional Crown_ 7-Day Battery (Elite Black), 1_899,16_435,Deal of the Day
