Noise ColorFit Ultra 3 Bluetooth Calling Smart Watch with Biggest 1.96" AMOLED Display_ Premium Metallic Build_ Functional Crown_ Gesture Control with Silicon Strap (Teal Blue), 2_799,11_837,Deal of the Day
Noise ColorFit Pro 4 Alpha 1.78" AMOLED Display_ Bluetooth Calling Smart Watch_ Functional Crown_ Metallic Build_ Intelligent Gesture Control_ Instacharge (Jet Black), 2_499,5_200,Deal of the Day
Noise Pulse 2 Max 1.85" Display_ Bluetooth Calling Smart Watch_ 10 Days Battery_ 550 NITS Brightness_ Smart DND_ 100 Sports Modes_ Smartwatch for Men and Women (Rose Pink), 2_799,26_454,Deal of the Day
Noise Vivid Call 2 Smart Watch with 1.85” HD Display_ BT Calling_ IP68 Waterproof_ 7 Days Battery Life_ Sleep Tracking_ 150+ Watch Faces (Elite Black), 2_499,134,Deal of the Day
Noise Force Rugged & Sporty 1.32" Bluetooth Calling Smart Watch_ 550 NITS_ 7 Days Battery_ AI Voice Assistance_ Smart Watch for Men (Teal Green), 2_799,6_530,Deal of the Day
Noise Pulse Go Buzz Smart Watch with Advanced Bluetooth Calling_ 1.69" TFT Display_ SpO2_ 100 Sports Mode with Auto Detection_ Upto 7 Days Battery (2 Days with Heavy Calling) - Midnight Blue, 1_199,26_454,Deal of the Day
Noise Newly Launched Mettalix: 1.4" HD Display with Metallic Straps and Stainless Steel Finish_ BT Calling_ Functional Crown_ 7 Day Battery_ Smart Watch for Men and Women (Elite Silver), 1_499,16_435,Deal of the Day
Noise Twist Bluetooth Calling Smart Watch with 1.38" TFT Biggest Display_ Up-to 7 Days Battery_ 100+ Watch Faces_ IP68_ Heart Rate Monitor_ Sleep Tracking (Midnight Blue), 1_799,16_435,Deal of the Day
Noise Newly Launched Quad Call 1.81" Display_ Bluetooth Calling Smart Watch_ AI Voice Assistance_ 160+Hrs Battery Life_ Metallic Build_ in-Built Games_ 100 Sports Modes_ 100+ Watch Faces (Jet Black), 999,115_879,Deal of the Day
Noise Twist Go Round dial Smartwatch with BT Calling_ 1.39" Display_ Metal Build_ 100+ Watch Faces_ IP68_ Sleep Tracking_ 100+ Sports Modes_ 24/7 Heart Rate Monitoring (Elite Black), 1_899,16_435,Deal of the Day
NoiseFit Halo 1.43" AMOLED Display_ Bluetooth Calling Round Dial Smart Watch_ Premium Metallic Build_ Always on Display_ Smart Gesture Control_ 100 Sports Modes (Vintage Brown), 1_199,7_986,Deal of the Day
Noise Newly Launched ColorFit Pro 5 Max 1.96" AMOLED Display Smart Watch_ BT Calling_ Post Training Workout Analysis_ VO2 Max_ Rapid Health_ 5X Faster Data Transfer - Elite Silver, 1_099,8_547,Deal of the Day
NoiseFit Halo 1.43" AMOLED Display_ Bluetooth Calling Round Dial Smart Watch_ Premium Metallic Build_ Always on Display_ Smart Gesture Control_ 100 Sports Modes (Vintage Brown), 1_799,7_986,Deal of the Day
Noise Mettalix 1.4" Display_ Bluetooth Calling Smart Watch with Metallic Strap_ Stainless Steel Finish_ Functional Crown_ 7-Day Battery (Elite Black), 2_799,16_435,Deal of the Day
Noise Twist Go Round dial Smartwatch with BT Calling_ 1.39" Display_ Metal Build_ 100+ Watch Faces_ IP68_ Sleep Tracking_ 100+ Sports Modes_ 24/7 Heart Rate Monitoring (Gold Link), 5_999,16_435,Deal of the Day
Noise Twist Round dial Smart Watch with Bluetooth Calling_ 1.38" TFT Display_ up-to 7 Days Battery_ 100+ Watch Faces_ IP68_ Heart Rate Monitor_ Sleep Tracking (Rose Pink), 2_799,16_435,Deal of the Day
Noise Newly Launched ColorFit Pulse 3 with 1.96" Biggest Display Bluetooth Calling Smart Watch_ Premium Build_ Auto Sport Detection & 170+ Watch Faces Smartwatch for Men & Women (Jet Black), 1_899,26_454,Deal of the Day
Noise Newly Launched Vortex Plus 1.46” AMOLED Display_ AoD_ BT Calling_ Sleek Metal Finish_ 7 Days Battery Life_ All New OS with 100+ Watch Faces & Health Suite (Silver Link), 1_899,1_088,Deal of the Day
Noise Biggest Launch Pro 5 Smart Watch with 1.85" AMOLED Display_ BT Calling_ New DIY Watch Faces_ Ultra Personalization with Smart Dock_ Productivity Suite_ 100 Sports Modes and More -Midnight Black, 1_199,8_547,Deal of the Day
Noise Quad Call 1.81" Display_ Bluetooth Calling Smart Watch_ AI Voice Assistance_ 160+Hrs Battery Life_ Metallic Build_ in-Built Games_ 100 Sports Modes_ 100+ Watch Faces (Elite Silver), 1_199,115_879,Deal of the Day
Noise Pulse 2 Max 1.85" Display_ Bluetooth Calling Smart Watch_ 10 Days Battery_ 550 NITS Brightness_ Smart DND_ 100 Sports Modes_ Smartwatch for Men and Women (Midnight Blue), 2_499,26_454,Deal of the Day
Fire-Boltt Newly Launched Ninja Call Pro Max 2.01” Display Smart Watch_ Bluetooth Calling_ 120+ Sports Modes_ Health Suite_ Voice Assistance, 3_399,19_887,Deal of the Day
Noise Biggest Launch Pro 5 Smart Watch with 1.85" AMOLED Display_ BT Calling_ New DIY Watch Faces_ Ultra Personalization with Smart Dock_ Productivity Suite_ 100 Sports Modes and More -Midnight Black, 1_499,8_547,Deal of the Day
