Fire-Boltt Phoenix Pro 1.39" Bluetooth Calling Smartwatch_ AI Voice Assistant_ Metal Body with 120+ Sports Modes_ SpO2_ Heart Rate Monitoring (Black), 1_899,43_977,Best seller
Fire-Boltt Newly Launched Quest Smartwatch 1.39" Full Touch GPS Tracking Smart Watch Bluetooth Calling_ 100+ Sports Modes_ 360 * 360 Pixel High Resolution_ Health Suite & Rugged Outdoor Built, 1_099,1_796,Deal of the Day
Fire-Boltt Gladiator 1.96" Biggest Display Smart Watch with Bluetooth Calling_ Voice Assistant &123 Sports Modes_ 8 Unique UI Interactions_ SpO2_ 24/7 Heart Rate Tracking (Black), 1_299,6_571,Deal of the Day
Fire-Boltt Newly Launched Ninja Call Pro Max 2.01” Display Smart Watch_ Bluetooth Calling_ 120+ Sports Modes_ Health Suite_ Voice Assistance, 1_299,19_721,Deal of the Day
Noise Halo Plus 1.46" Super AMOLED Display Elite Smart Watch_ Bluetooth Calling_ Stainless Steel Build_ Always on Display_ Upto 7 Days Battery (Elite Black), 1_899,7_966,Deal of the Day
Fire-Boltt Talk 2 Pro Ultra 1.39" Round Display Stainless Steel Luxury Smart Watch_ Bluetooth Calling & 360 Health Monitoring_ 123 Sports Modes_ Inbuilt Voice Assistant (Silver), 1_499,37_512,Deal of the Day
Fastrack Limitless Glide Advanced UltraVU HD Display|BT Calling|ATS Chipset|100+ Sports Modes & Watchfaces|Calculator|Voice Assistant|in-Built Games|24 * 7 HRM|IP68 Smartwatch, 1_299,6_086,Deal of the Day
Fire-Boltt Talk 2 Pro Ultra 1.39" Round Display Stainless Steel Luxury Smart Watch_ Bluetooth Calling & 360 Health Monitoring_ 123 Sports Modes_ Inbuilt Voice Assistant (Black), 2_799,37_512,Deal of the Day
Fire-Boltt Lumos Stainless Steel Luxury Smart Watch with 1.91” Large Display_ Bluetooth Calling_ Voice Assistant_ 100+ Sports Modes, 1_699,27_018,Deal of the Day
beatXP Flare Pro 1.39” HD Display Bluetooth Calling Smart Watch_ 100+ Sports Modes_ Heart Rate Monitoring_ SpO2_ AI Voice Assistant_ IP68 - Silver, 1_499,3_267,Deal of the Day
Fire-Boltt Invincible Plus 1.43" AMOLED Display Smartwatch with Bluetooth Calling_ TWS Connection_ 300+ Sports Modes_ 110 in-Built Watch Faces_ 4GB Storage & AI Voice Assistant (Gold SS), 1_699,4_120,Deal of the Day
Fire-Boltt Royale Luxury Stainless Steel Smart Watch 1.43” AMOLED Display_ Always On Display_ 750 NITS Peak Brightness 466 * 466 px Resolution. Bluetooth Calling_ IP67_ 75Hz Refresh Rate (Silver), 1_499,964,Deal of the Day
Fire-Boltt Solace Luxury Stainless Steel Smart Watch_ 1.32" (33.5mm) Display 360 * 360 px high Resolution with 60Hz Refresh Rate_ Bluetooth Calling & 360 Health Monitoring (Gold Silver), 999,3_739,Deal of the Day
Amazfit Falcon Smartwatch for Men_ Premium Multisport GPS Smart Watch_ Strength Training Watch_ 150+ Sports Modes Titanium (Supersonic Black Strap), 2_999,151,Limited time deal
Noise Newly Launched ColorFit Pulse 3 with 1.96" Biggest Display Bluetooth Calling Smart Watch_ Premium Build_ Auto Sport Detection & 170+ Watch Faces Smartwatch for Men & Women (Jet Black), 3_999,26_362,Deal of the Day
Noise Newly Launched Quad Call 1.81" Display_ Bluetooth Calling Smart Watch_ AI Voice Assistance_ 160+Hrs Battery Life_ Metallic Build_ in-Built Games_ 100 Sports Modes_ 100+ Watch Faces (Rose Pink), 1_899,115_849,Best seller
beatXP Vega Neo 1.43” AMOLED Bluetooth Calling Smartwatch with 466 * 466 Pixel_ 60 Hz Refresh Rate_ 500 Nits_ Always on Display_ Health Tracking_ 100+ Sports Modes (Black Strap_ 1.43), 54_999,1_343,Deal of the Day
Google Pixel Watch - Android Smartwatch with Fitbit Activity Tracking - Heart Rate Tracking Watch - Matte Black Stainless Steel case with Obsidian Active Band, 1_199,160,Deal of the Day
beatXP Vega X Smart Watch with 1.43" Super AMOLED Display_ One-Tap Bluetooth Calling_ Metal Body_ Wireless Charging_ Rotary Crown_ 466 * 466px_ 500 Nits Brightness (Electric Black), 1_099,1_993,Deal of the Day
Titan Mirage Premium Fashion Smartwatch|1.96" AMOLED Display with AOD|800 NITS Brightness|410 * 502 Pixel Resolution|Functional Crown|SingleSync BT Calling|IP68 (Leather Strap + Extra Silicone Strap), 999,757,Deal of the Day
Fire-Boltt Jewel_ Luxury Stainless Steel Smart Watch with a 1.85" Display Boasting 320x386 Resolution and 600 NITS Brightness_ 60 HZ Refresh Rate_ 120 Sports Modes_ IP67 Rating, 24_750,888,Deal of the Day
Fire-Boltt Lumos Stainless Steel Luxury Smart Watch with 1.91” Large Display_ Bluetooth Calling_ Voice Assistant_ 100+ Sports Modes, 1_299,27_018,Deal of the Day
