Fire-Boltt Newly Launched Ninja Call Pro Max 2.01” Display Smart Watch_ Bluetooth Calling_ 120+ Sports Modes_ Health Suite_ Voice Assistance, 999,19_887,Deal of the Day
Fire-Boltt Phoenix Ultra Luxury Stainless Steel_ Bluetooth Calling Smartwatch_ AI Voice Assistant_ Metal Body with 120+ Sports Modes_ SpO2_ Heart Rate Monitoring (Gold), 1_199,44_118,Best seller
Fire-Boltt Phoenix Pro 1.39" Bluetooth Calling Smartwatch_ AI Voice Assistant_ Metal Body with 120+ Sports Modes_ SpO2_ Heart Rate Monitoring (Gold Black), 1_099,44_118,Deal of the Day
Noise Pulse Go Buzz Smart Watch with Advanced Bluetooth Calling_ 1.69" TFT Display_ SpO2_ 100 Sports Mode with Auto Detection_ Upto 7 Days Battery (2 Days with Heavy Calling) - Midnight Blue, 1_299,26_454,Best seller
Fire-Boltt Phoenix Pro 1.39" Bluetooth Calling Smartwatch_ AI Voice Assistant_ Metal Body with 120+ Sports Modes_ SpO2_ Heart Rate Monitoring (Silver Grey), 1_749,44_118,Deal of the Day
SUNLEX T-800 Ultra Series Biggest Display Smart Watch with Bluetooth Calling_ Voice Assistant &123 Sports Modes_ 8 Unique UI Interactions_ SpO2_ 24/7 Heart Rate Tracking, 1_199,60,Deal of the Day
Noise Pulse 2 Max 1.85" Display_ Bluetooth Calling Smart Watch_ 10 Days Battery_ 550 NITS Brightness_ Smart DND_ 100 Sports Modes_ Smartwatch for Men and Women (Deep Wine), 999,26_454,Best seller
Noise Newly Launched Quad Call 1.81" Display_ Bluetooth Calling Smart Watch_ AI Voice Assistance_ 160+Hrs Battery Life_ Metallic Build_ in-Built Games_ 100 Sports Modes_ 100+ Watch Faces (Jet Black), 1_299,115_879,Deal of the Day
T800 Ultra Smart Watch 1.99" Series 8 HD Display - Campatible for Apple & Android -Bluetooth Call_ Fitness Tracker_ Voice Assistance (Orange), 543,37,Deal of the Day
beatXP Flare Pro 1.39” HD Display Bluetooth Calling Smart Watch_ 100+ Sports Modes_ Heart Rate Monitoring_ SpO2_ AI Voice Assistant_ IP68 - Champagne Gold, 1_199,3_284,Deal of the Day
Fire-Boltt Lumos Stainless Steel Luxury Smart Watch with 1.91” Large Display_ Bluetooth Calling_ Voice Assistant_ 100+ Sports Modes, 1_099,27_044,Deal of the Day
mi Smart Watch for kids men boys women girls Id-116 Bluetooth Smartwatch Wireless Fitness Band | Sports Gym Watch for All Smart Phones I Heart Rate and spo2 Monitor, 580,4_299,Deal of the Day
Fire-Boltt Newly Launched Ninja Call Pro Max 2.01” Display Smart Watch_ Bluetooth Calling_ 120+ Sports Modes_ Health Suite_ Voice Assistance, 999,19_887,Deal of the Day
Noise Twist Go Round dial Smartwatch with BT Calling_ 1.39" Display_ Metal Build_ 100+ Watch Faces_ IP68_ Sleep Tracking_ 100+ Sports Modes_ 24/7 Heart Rate Monitoring (Jet Black), 1_499,16_435,Deal of the Day
boAt Wave Elevate Smart Watch with 1.96" Display_ BT Calling_ Functional Crown_ AI Voice Assistant_ Built-in Game_ HR & SPO2 Monitoring and Stress Monitoring_ IP67(Active Black), 399,1_305,Deal of the Day
Fire-Boltt Ninja Call Pro Plus 1.83" Smart Watch with Bluetooth Calling_ AI Voice Assistance_ 100 Sports Modes IP67 Rating_ 240 * 280 Pixel High Resolution, 1_299,19_887,Deal of the Day
Fastrack Limitless Glide Advanced UltraVU HD Display|BT Calling|ATS Chipset|100+ Sports Modes & Watchfaces|Calculator|Voice Assistant|in-Built Games|24 * 7 HRM|IP68 Smartwatch, 1_599,6_103,Deal of the Day
boAt Ultima Select Smart Watch with 2.01" AMOLED Display_ Advanced BT Calling_ Functional Crown_ Always on Display_ 100+ Sports Mode_ IP68_ HR & Blood Oxygen Monitoring(Active Black), 1_499,107,Deal of the Day
Fire-Boltt Newly Launched Ninja Call Pro Max 2.01” Display Smart Watch_ Bluetooth Calling_ 120+ Sports Modes_ Health Suite_ Voice Assistance, 1_099,19_887,Deal of the Day
Noise Force Rugged & Sporty 1.32" Bluetooth Calling Smart Watch_ 550 NITS_ 7 Days Battery_ AI Voice Assistance_ Smart Watch for Men (Teal Green), 1_499,6_530,Deal of the Day
Fire-Boltt Newly Launched Quest Smartwatch 1.39" Full Touch GPS Tracking Smart Watch Bluetooth Calling_ 100+ Sports Modes_ 360 * 360 Pixel High Resolution_ Health Suite & Rugged Outdoor Built, 2_999,1_806,Deal of the Day
Noise Pulse Go Buzz Smart Watch with Advanced Bluetooth Calling_ 1.69" TFT Display_ SpO2_ 100 Sports Mode with Auto Detection_ Upto 7 Days Battery (2 Days with Heavy Calling) - Jet Black, 1_299,26_454,Deal of the Day
