Noise Diva Smartwatch with Diamond Cut dial_ Glossy Metallic Finish_ AMOLED Display_ Mesh Metal and Leather Strap Options_ 100+ Watch Faces_ Female Cycle Tracker Smart Watch for Women (Rose Pink), 1_399,1_088,Deal of the Day
Noise Pulse 2 Max 1.85" Display_ Bluetooth Calling Smart Watch_ 10 Days Battery_ 550 NITS Brightness_ Smart DND_ 100 Sports Modes_ Smartwatch for Men and Women (Gold Link), 1_099,26_454,Deal of the Day
Fire-Boltt Ninja Call Pro Plus 1.83" Smart Watch with Bluetooth Calling_ AI Voice Assistance_ 100 Sports Modes IP67 Rating_ 240 * 280 Pixel High Resolution, 1_299,19_887,Deal of the Day
Fire-Boltt Ninja Call Pro Plus 1.83" Smart Watch with Bluetooth Calling_ AI Voice Assistance_ 100 Sports Modes IP67 Rating_ 240 * 280 Pixel High Resolution, 2_999,19_887,Deal of the Day
boAt Xtend Smart Watch with Alexa Built-in_ 1.69” HD Display_ Multiple Watch Faces_ Stress Monitor_ HR & SpO2 Monitoring_ 14 Sports Modes_ Sleep Monitor_ 5 ATM & 7 Days Battery Life(Olive Green), 1_399,146_911,Deal of the Day
Fire-Boltt Phoenix Smart Watch with Bluetooth Calling 1.3"_120+ Sports Modes_ 240 * 240 PX High Res with SpO2_ Heart Rate Monitoring & IP67 Rating (Silver Grey), 1_099,44_118,Best seller
Noise Pulse 2 Max 1.85" Display_ Bluetooth Calling Smart Watch_ 10 Days Battery_ 550 NITS Brightness_ Smart DND_ 100 Sports Modes_ Smartwatch for Men and Women (Midnight Blue), 1_099,26_454,Deal of the Day
Noise Twist Go Round dial Smartwatch with BT Calling_ 1.39" Display_ Metal Build_ 100+ Watch Faces_ IP68_ Sleep Tracking_ 100+ Sports Modes_ 24/7 Heart Rate Monitoring (Silver Link), 999,16_435,Deal of the Day
Fire-Boltt Ninja Call Pro Smart Watch Dual Chip Bluetooth Calling_ 1.69" Display_ AI Voice Assistance with 100 Sports Modes_ with SpO2 & Heart Rate Monitoring, 1_199,18_404,Deal of the Day
Fire-Boltt Phoenix AMOLED 1.43" Display Smart Watch_ with 700 NITS Brightness_ Stainless Steel Rotating Crown_ Multipe Sports Modes & 360 Health (Gold), 1_199,44_118,Deal of the Day
Fire-Boltt Phoenix Ultra Luxury Stainless Steel_ Bluetooth Calling Smartwatch_ AI Voice Assistant_ Metal Body with 120+ Sports Modes_ SpO2_ Heart Rate Monitoring (Gold), 1_599,44_118,Best seller
Fire-Boltt Newly Launched Infinity Luxe Vivid 1.6” HD Round Display_ Stainless Steel Luxury Smartwatch 4GB Inbuilt Storage_ Bluetooth Calling_ TWS Connectivity_ 100+ Watch Faces (Black), 999,696,Deal of the Day
Fire-Boltt Visionary 1.78" AMOLED Bluetooth Calling Smartwatch with 368 * 448 Pixel Resolution_ Rotating Crown & 60Hz Refresh Rate 100+ Sports Mode_ TWS Connection_ Voice Assistance (Gold), 1_949,22_587,Best seller
Noise ColorFit Pulse Grand Smart Watch with 1.69" HD Display_ 60 Sports Modes_ 150 Watch Faces_ Spo2 Monitoring_ Call Notification_ Quick Replies to Text & Calls (Rose Pink), 1_749,115_879,Deal of the Day
Noise Diva Smartwatch with Diamond Cut dial_ Glossy Metallic Finish_ AMOLED Display_ Mesh Metal and Leather Strap Options_ 100+ Watch Faces_ Female Cycle Tracker Smart Watch for Women (Rose Pink), 3_399,1_088,Deal of the Day
Noise ColorFit Pro 4 Alpha 1.78" AMOLED Display_ Bluetooth Calling Smart Watch_ Functional Crown_ Metallic Build_ Intelligent Gesture Control_ Instacharge (Rose Pink), 2_499,5_200,Deal of the Day
Samsung Galaxy Watch4 Bluetooth(4.0 cm_ Pink Gold_ Compatible with Android only), 1_199,7_960,Deal of the Day
Noise Twist Go Round dial Smartwatch with BT Calling_ 1.39" Display_ Metal Build_ 100+ Watch Faces_ IP68_ Sleep Tracking_ 100+ Sports Modes_ 24/7 Heart Rate Monitoring (Gold Link), 2_999,16_435,Deal of the Day
Fire-Boltt Phoenix Pro 1.39" Bluetooth Calling Smartwatch_ AI Voice Assistant_ Metal Body with 120+ Sports Modes_ SpO2_ Heart Rate Monitoring (Gold Pink), 2_799,44_118,Limited time deal
Fire-Boltt Ninja Call Pro Smart Watch Dual Chip Bluetooth Calling_ 1.69" Display_ AI Voice Assistance with 100 Sports Modes_ with SpO2 & Heart Rate Monitoring, 9_999,18_404,Deal of the Day
Fire-Boltt Newly Launched Ninja Call Pro Max 2.01” Display Smart Watch_ Bluetooth Calling_ 120+ Sports Modes_ Health Suite_ Voice Assistance, 1_899,19_887,Best seller
boAt Lunar Link Smart Watch with 1.4" HD Display_ Advanced BT Calling_ Multiple Sports Mode_ Cloud & Custom Watch Faces_ Music and Camera Control_ IP67_ HR & SpO2 Monitoring(Beige), 1_299,242,Deal of the Day
Fire-Boltt Ninja Call Pro Plus 1.83" Smart Watch with Bluetooth Calling_ AI Voice Assistance_ 100 Sports Modes IP67 Rating_ 240 * 280 Pixel High Resolution, 999,19_887,Deal of the Day
