Noise Vivid Call 2 Smart Watch with 1.85” HD Display_ BT Calling_ IP68 Waterproof_ 7 Days Battery Life_ Sleep Tracking_ 150+ Watch Faces (Elite Black), 999,134,Deal of the Day
Fire-Boltt Newly Launched Infinity Luxe Vivid 1.6” HD Round Display_ Stainless Steel Luxury Smartwatch 4GB Inbuilt Storage_ Bluetooth Calling_ TWS Connectivity_ 100+ Watch Faces (Black), 1_199,696,Deal of the Day
Fire-Boltt Newly Launched Ninja Call Pro Max 2.01” Display Smart Watch_ Bluetooth Calling_ 120+ Sports Modes_ Health Suite_ Voice Assistance, 1_099,19_887,Deal of the Day
NoiseFit Halo 1.43" AMOLED Display_ Bluetooth Calling Round Dial Smart Watch_ Premium Metallic Build_ Always on Display_ Smart Gesture Control_ 100 Sports Modes (Vintage Brown), 1_499,7_986,Deal of the Day
Fire-Boltt Gladiator 1.96" Biggest Display Smart Watch with Bluetooth Calling_ Voice Assistant &123 Sports Modes_ 8 Unique UI Interactions_ SpO2_ 24/7 Heart Rate Tracking (Black), 3_399,6_617,Best seller
Fire-Boltt Talk 2 Pro Ultra 1.39" Round Display Stainless Steel Luxury Smart Watch_ Bluetooth Calling & 360 Health Monitoring_ 123 Sports Modes_ Inbuilt Voice Assistant (Silver), 1_299,37_538,Deal of the Day
Noise Pulse Go Buzz Smart Watch with Advanced Bluetooth Calling_ 1.69" TFT Display_ SpO2_ 100 Sports Mode with Auto Detection_ Upto 7 Days Battery (2 Days with Heavy Calling) - Olive Green, 2_799,26_454,Deal of the Day
Fire-Boltt Visionary 1.78" AMOLED Bluetooth Calling Smartwatch with 368 * 448 Pixel Resolution_ Rotating Crown & 60Hz Refresh Rate 100+ Sports Mode_ TWS Connection_ Voice Assistance (Black), 1_499,22_587,Deal of the Day
Fastrack Limitless Glide Advanced UltraVU HD Display|BT Calling|ATS Chipset|100+ Sports Modes & Watchfaces|Calculator|Voice Assistant|in-Built Games|24 * 7 HRM|IP68 Smartwatch, 1_699,6_103,Deal of the Day
Fire-Boltt Talk 2 Pro Ultra 1.39" Round Display Stainless Steel Luxury Smart Watch_ Bluetooth Calling & 360 Health Monitoring_ 123 Sports Modes_ Inbuilt Voice Assistant (Black), 999,37_538,Best seller
NoiseFit Halo 1.43" AMOLED Display_ Bluetooth Calling Round Dial Smart Watch_ Premium Metallic Build_ Always on Display_ Smart Gesture Control_ 100 Sports Modes (Vintage Brown), 2_499,7_986,Deal of the Day
Fire-Boltt Phoenix Pro 1.39" Bluetooth Calling Smartwatch_ AI Voice Assistant_ Metal Body with 120+ Sports Modes_ SpO2_ Heart Rate Monitoring (Silver Grey), 1_499,44_118,Deal of the Day
Fire-Boltt Solace Luxury Stainless Steel Smart Watch_ 1.32" (33.5mm) Display 360 * 360 px high Resolution with 60Hz Refresh Rate_ Bluetooth Calling & 360 Health Monitoring (Gold Silver), 1_699,3_750,Best seller
Fire-Boltt Newly Launched Ninja Call Pro Max 2.01” Display Smart Watch_ Bluetooth Calling_ 120+ Sports Modes_ Health Suite_ Voice Assistance, 2_799,19_887,Deal of the Day
Noise Quad Call 1.81" Display_ Bluetooth Calling Smart Watch_ AI Voice Assistance_ 160+Hrs Battery Life_ Metallic Build_ in-Built Games_ 100 Sports Modes_ 100+ Watch Faces (Elite Black), 1_299,115_879,Deal of the Day
Amazfit Balance Smart Watch_ AI Fitness Coach_ Sleep & Health Tracker with Body Composition_ 1.5" AMOLED Display_ BT Calling_ Alexa Built-in_ Dual-Band GPS_ 14-Day Battery (Woodland) (Special Edition), 1_899,6,Deal of the Day
Amazfit Falcon Smartwatch for Men_ Premium Multisport GPS Smart Watch_ Strength Training Watch_ 150+ Sports Modes Titanium (Supersonic Black Strap), 1_299,151,Deal of the Day
Noise Newly Launched Quad Call 1.81" Display_ Bluetooth Calling Smart Watch_ AI Voice Assistance_ 160+Hrs Battery Life_ Metallic Build_ in-Built Games_ 100 Sports Modes_ 100+ Watch Faces (Rose Pink), 1_499,115_879,Limited time deal
Fossil Gen 6 Display Wellness Edition Black Smartwatch FTW4069, 24_999,1_996,Limited time deal
Titan Mirage Premium Fashion Smartwatch|1.96" AMOLED Display with AOD|800 NITS Brightness|410 * 502 Pixel Resolution|Functional Crown|SingleSync BT Calling|IP68 (Leather Strap + Extra Silicone Strap), 54_999,762,Deal of the Day
Amazfit Pop 3R Smart Watch_ 1.43" AMOLED Display_ Bluetooth Calling_ SpO2_ 12-Day Battery Life_ AI Voice Assistance_ 100 Sports Modes_ 24H HR Monitor_ Music Control (Metallic Sliver), 1_099,15,Deal of the Day
Amazfit GTR 3 Pro Smart Watch with BT Phone Calls_ Blood Pressure Monitoring_ 1.45”AMOLED Display_ 24/7 Heart Rate Tracking_ Alexa_ GPS_ WiFi_ 12-Day Battery Life_ 150 Sports Modes (Leather Brown), 9_598,1_476,Limited time deal
HAMMER Active 2.0 Plus 2.1" HD Display Smart Watch with Gesture Control_ Bluetooth Calling_ DIY Watch Face Studio_ Sports Modes_ Functional Crown_ Dynamic Island Notification_ Menstrual Cycle (Black), 8_995,84,Limited time deal
